{
  "BestCase": {
    "x0": 290755.35793780844,
    "y0": -525.45917106656464,
    "z0": 15000,
    "vx0": -1695,
    "vy0": 0,
    "vz0": 0,
    "x1_t": 20796.512366128725,
    "y1_t": 0,
    "z1_t": 8373.6276743102117,
    "vx1_t": -172.37986816440048,
    "vy1_t": 0,
    "vz1_t": -66.992521904350127,
    "x2_t": 0,
    "y2_t": 0,
    "z2_t": 100,
    "vx2_t": 0,
    "vy2_t": 0,
    "vz2_t": -8,
    "ax2_t": 0,
    "ay2_t": 0,
    "az2_t": 1.944,
    "az3_cmd": 1.944
  },
  "Metrics": {
    "run": 4774,
    "DeltaV_mps": 1980.7646602289842,
    "ThrottleMax": 0.947938852644805,
    "t_touch_s": 459.59999999998246,
    "vx_td_mps": -0.0053955555272333609,
    "vy_td_mps": 1.4100969821099503E-5,
    "vz_td_mps": -0.10000000012667483
  },
  "Fixed": {
    "dt_s": 0.2,
    "g_moon": 1.62,
    "v_td_mps": -0.1,
    "Propulsion": {
      "Isp_s": 450,
      "g0": 9.80665,
      "Tmax_N": 100000,
      "m0_kg": 18000,
      "m_dry_kg": 11000,
      "tilt_max_deg": 150
    }
  }
}