{
  "BestCase": {
    "x0": 280935.99939579947,
    "y0": 4937.9619027736935,
    "z0": 15000,
    "vx0": -1695,
    "vy0": 0,
    "vz0": 0,
    "x1_t": 25000,
    "y1_t": 0,
    "z1_t": 7750.9087908788088,
    "vx1_t": -221.70529199408588,
    "vy1_t": 0,
    "vz1_t": -41.835989331002338,
    "x2_t": 0,
    "y2_t": 0,
    "z2_t": 100,
    "vx2_t": 0,
    "vy2_t": 0,
    "vz2_t": -8,
    "ax2_t": 0,
    "ay2_t": 0,
    "az2_t": 1.944,
    "az3_cmd": 1.944
  },
  "Metrics": {
    "run": 2243,
    "DeltaV_mps": 1977.7039951607767,
    "ThrottleMax": 0.94477322549890219,
    "t_touch_s": 439,
    "vx_td_mps": -0.0049825257303982573,
    "vy_td_mps": -0.00013085806583723256,
    "vz_td_mps": -0.099999929933988874,
    "Tscale": 1.026230372582142,
    "IspScale": 1.023145487167767
  },
  "Fixed": {
    "dt_s": 0.5,
    "g_moon": 1.62,
    "v_td_mps": -0.1,
    "Propulsion": {
      "Isp_s": 450,
      "g0": 9.80665,
      "Tmax_N": 100000,
      "m0_kg": 17500,
      "m_dry_kg": 11000,
      "tilt_max_deg": 150
    },
    "Dispersion": {
      "THR_3SIG_PCT": 0.09,
      "ISP_3SIG_PCT": 0.06
    }
  }
}